article_id,article_title,article_date,event,location_prediction,date_prediction
0,Swara Bhasker Takes A Dig At 'The Kashmir Files' Filmmaker Vivek Agnihotri; Gets Trolled!,2022-03-14T09:55:30+00:00,"Amidst the critical and box-office success of 'The Kashmir Files', Vivek Agnihotri has repeatedly expressed how Bollywood has snubbed Vivek Agnihotri.",Bollywood,
1,‘The Kashmir Files’ box office: Film rakes in Rs 231.28 cr on Monday  ,2022-03-29T07:45:33+00:00,Vivek Agnihotri-directorial 'The Kashmir Files' is maintaining its stride at the box office amid the 'RRR' craze.,,
2,Fans Share Newspaper Reports To Prove Atrocities Shown In 'The Kashmir Files' Were Real!,2022-03-15T09:50:32+00:00,"Fans have posted old newspaper clippings, news features, and videos.",,
2,Fans Share Newspaper Reports To Prove Atrocities Shown In 'The Kashmir Files' Were Real!,2022-03-15T09:50:32+00:00,Fans also tried to draw a parallel between the reel and real-life characters.,,
3,"Mob Stops Screening Of 'Bachchhan Paandey', Demands Theatre To Only Screen 'The Kashmir Files'",2022-03-21T13:05:40+00:00,The mob was chanting 'Jai Shree Ram' slogans.,,
4,"After Afghan Conflict, Ukraine War Adds To The Woes As Essential Commodity Prices Soar In Kashmir",2022-03-14T09:55:30+00:00,"Savban Zahoor Khan, the owner of Muzzaffar Jewellers in Hari Singh High Street (HSHS) area of Srinagar, a popular and oldest market of jewellery shops, is sitting idle as no customer has visited Muzzaffar Jewellers in Hari Singh High Street (HSHS) area of Srinagar, a popular and oldest market of jewellery shops for the last many days.",Srinagar,the last many days
5,"Aamir Khan Praises 'The Kashmir Files', Sonam Kapoor Announces Pregnancy And More From Ent",2022-03-21T14:25:35+00:00,Here is all that rocked the world of entertainment news.,,
6,Rajasthan's Kota Imposes Section 144 Till April 21 In View Of 'The Kashmir Files' Screening,2022-03-22T12:25:29+00:00,The city of Kota in Rajasthan has now imposed section 144 to 'maintain law and order in The city of Kota in Rajasthan during The Kashmir Files screening'.,Rajasthan,
7,‘The Kashmir Files’ box office: Vivek Agnihotri-directorial paces towards Rs 250 cr ,2022-03-30T07:45:37+00:00,"The Vivek Agnihotri-directorial raked in a total of Rs 234.03 crore as on Tuesday, as per film critic and trade analyst Taran Adarsh.",,
8,&#039;The Kashmir Files&#039;: Bombay HC dismisses plea against Vivek Agnihotri’s film,2022-03-09T05:45:34+00:00,"At the start of the hearing, the judges asked the petitioner’s lawyer whether the petitioner’s lawyer bothered to read the court’s judgement against the PILs filed against the Alia Bhatt-starrer Gangubai Kathiawadi",,
9,"Kashmir Files Screening Halted, Deepika Padukone's Caption Enrages Twitter And More From Ent",2022-03-12T13:10:29+00:00,The screening of Anupam Kher's The Kashmir Files was halted as a lot of chaos was witnessed at a theatre in Jammu.,Jammu,
9,"Kashmir Files Screening Halted, Deepika Padukone's Caption Enrages Twitter And More From Ent",2022-03-12T13:10:29+00:00,"On the other hand, Deepika Padukone's Instagram caption enraged Twitter.",,
9,"Kashmir Files Screening Halted, Deepika Padukone's Caption Enrages Twitter And More From Ent",2022-03-12T13:10:29+00:00,"Here's that, and more from the world of entertainment today.",,today
10,"Chhattisgarh CM Bhupesh Baghel Watches 'The Kashmir Files', Says It Shows One Side Of The Story",2022-03-17T12:45:32+00:00,Chhattisgarh Chief Minister Bhupesh Baghel watched The Kashmir Files and criticised The Kashmir Files for showing 'half-truths'.,Chhattisgarh,
10,"Chhattisgarh CM Bhupesh Baghel Watches 'The Kashmir Files', Says It Shows One Side Of The Story",2022-03-17T12:45:32+00:00,The film released on March 11.,,March 11
11,Police Complaint Registered Against Vivek Agnihotri For His 'Bhopali Means Homosexual' Comment,2022-03-27T07:55:29+00:00,The Kashmir Files filmmakers is being slammed on social media.,,
12,"The Kashmir Files Cleared For Release In UAE With Zero Cuts, Vivek Agnihotri Says 'Big Victory'",2022-03-31T09:45:30+00:00,The Kashmir Files will hit the silver screens in the UAE on April 7.,UAE,April 7
12,"The Kashmir Files Cleared For Release In UAE With Zero Cuts, Vivek Agnihotri Says 'Big Victory'",2022-03-31T09:45:30+00:00,Director Vivek Agnihotri called hit a 'big victory'.,,
13,"'Stop Mocking Kashmiri Pandits', Assam CM Slams Arvind Kejriwal For His Dig At The Kashmir Files",2022-03-27T10:15:31+00:00,Kejriwal's comments have rubbed many the wrong way.,,
14,"'The Name Pushkar Nath In Kashmir Files Is A Tribute To My Dad', Anupam Kher Shares His Acting Journey",2022-03-25T10:55:33+00:00,"Anupam Kher began the note by writing how there was once a Kashmiri Pandit boy called Bittu, son of a clerk, who went on to became an actor 'called Anupam Kher'.",,
15,"Anupam Kher's Niece On Kashmir Files' Climax, Ranveer Mourns MC Tod Fod's Death & More From Ent",2022-03-22T13:55:31+00:00,"Anupam Kher's niece, Vrinda, opened up about how difficult it was to shoot the gruesome climax of The Kashmir Files.",,
15,"Anupam Kher's Niece On Kashmir Files' Climax, Ranveer Mourns MC Tod Fod's Death & More From Ent",2022-03-22T13:55:31+00:00,"On the other hand, Ranveer Singh condoled MC Tod Fod's sudden death.",,
16,The Kashmir Files: उत्तर प्रदेश के सभी सिनेमाहाल और मल्टीप्लेक्स में टैक्स फ्री नहीं होगी फिल्म 'द कश्मीर फाइल्स',2022-03-16T18:17:56+00:00,The Kashmir Files उत्तर प्रदेश में फिल्म को एक समय में अधिकतम 200 प्रिंट वीक की समयसीमा के अधीन एसजीएसटी की प्रतिपूर्ति इस तरह से की जाएगी कि फिल्म की संख्या और सप्ताह की संख्या का गुणांक 200 प्रिंट व स्क्रीन वीक से अधिक नहीं होगा।,,
17,"Indian Army chopper crashes in Bandipora; no update on pilot, co-pilot  ",2022-03-11T09:30:35+00:00,An army helicopter crashed in Tulail area of Gurez located in Jammu and Kashmir’s Bandipora district on Friday afternoon,Jammu,Friday
18,'Bullydawood Is In Shock': Kangana Ranaut Questions Bollywood's Silence On 'The Kashmir Files',2022-03-13T11:15:31+00:00,"Condemning the Hindi film industry's silence on the film, Kangana wrote it's shocking that no Bollywood A-lister is talking about the film, despite the film's rave reviews from the audience and the critics.",Bollywood,
19,"Yami Gautam, Aditya Dhar Extend Support To 'The Kashmir Files', Call It An 'Important Film'",2022-03-14T12:40:37+00:00,'The Kashmir Files' is a movie that is close to home for Actor Yami Gautam and Actor Yami Gautam's husband and Director Aditya Dhar.,,
20,‘The Kashmir Files’ box office Day 10: Film set to reach Rs 200 cr this week,2022-03-21T07:30:34+00:00,The film’s total collections have crossed Rs 167 crore to settle at Rs 167.45 crore.,,
21,"The Kashmir Files Director Vivek Agnihotri To Build A 'Genocide Museum', Madhya Pradesh CM Gives Nod",2022-03-26T09:00:34+00:00,Vivek Agnihotri took to Twitter recently and announced that they will be building a 'genocide museum that will showcase Indian values of Humanity and Vishwa kalyan'.,,
22,"Anupam Kher's Mother Shares Her Two Cents On The Kashmir Files, Recalls How Her Brother Died",2022-03-20T12:35:29+00:00,"'He died heartbrokenly,' she said.",,
23,"The Kashmir Files वाले विवेक अग्निहोत्री को मिली Y कैटिगरी सुरक्षा, मिल रही थीं जान से मारने की धमकी",2022-03-18T08:28:56+00:00,'द कश्मीर फाइल्स' (The Kashmir Files) के डायरेक्टर विवेक अग्निहोत्री (Vivek Agnihotri) को भारत सरकार के गृह मंत्रालय ने वाई कैटिगरी की सुरक्षा (Y Category Security...,,
24,"'With Those Kind Of Numbers, It Can't Be A Bad Film,' Says Taapsee Pannu On The Kashmir Files",2022-03-26T09:30:31+00:00,"Taapsee Pannu, while talking about The Kashmir Files, said that the film can't be a bad one if the film can collect such numbers.",,
25,Madhya Pradesh cops to get leave to watch &#039;The Kashmir Files&#039;,2022-03-14T07:15:37+00:00,"Written and directed by Vivek Agnihotri and produced by Zee Studios, the film depicts the exodus of Kashmiri Hindus from Kashmir following systematic killings of people from the community by Pakistan-backed terrorists.",Pakistan,
26,‘The Kashmir Files’ box office: Vivek Agnihotri-film collects Rs 236.28 cr on Wednesday ,2022-03-31T08:30:36+00:00,"The film made Rs 2.25 crore on Wednesday, Rs 2.75 crore on Tuesday, Rs 3.10 crore on Monday, Rs 8.75 crore on Sunday, Rs 7.60 crore on Saturday and Rs 4.50 crore on Friday.",,Friday
27,"'Bollywood Ke Paap Dho Diye', Kangana Ranaut's Response After Watching 'The Kashmir Files'",2022-03-15T09:50:32+00:00,"In a video shared by photographer Viral Bhayani, Kangana can be seen heaping praises on the film and saying this the film is what Bollywood should be promoting.",,
28,"Aamir Khan Talks About Failed Relationships, 'The Kashmir Files' Wins Hearts And More From Ent!",2022-03-14T13:35:36+00:00,"Owing to the popularity and the significance of a movie like 'The Kashmir Files,' the Madhya Pradesh government today announced that policemen in Madhya Pradesh would be granted leave to watch 'The Kashmir Files.",Madhya Pradesh,today
29,The Kashmir Files Director Vivek Agnihotri Given Y-Category Security Over Controversy,2022-03-18T10:35:28+00:00,"The Kashmir Files director Vivek Agnihotri has been given Y security cover by the central government, news agency ANI reported.",,
29,The Kashmir Files Director Vivek Agnihotri Given Y-Category Security Over Controversy,2022-03-18T10:35:28+00:00,The Kashmir Files director Vivek Agnihotri will be guarded by seven to eight commandos of the CRPF round the clock.,,
30,New Zealand's Ex Deputy PM Supports 'The Kashmir Files' After It Creates Row In The Country,2022-03-20T12:35:29+00:00,This happened after the Muslim community raised concerns over the content of the film.,,
31,"'Emotions On Screen Were Real', Anupam Kher's Niece On Shooting The Kashmir Files' Grim Climax",2022-03-22T06:15:31+00:00,Vrinda Kher revealed that Bhasha Sumbli broke down while shooting for The Kashmir Files climax scene and that the 'emotions that came out were real'.,,
32,"Chhatisgarh CM Criticises The Kashmir Files, Sharmaji Namkeen Trailer Releases And More From Ent",2022-03-17T13:15:33+00:00,Chhatisgarh CM Bhupesh Baghel said that The Kashmir Files shows only one side of the story.,,
32,"Chhatisgarh CM Criticises The Kashmir Files, Sharmaji Namkeen Trailer Releases And More From Ent",2022-03-17T13:15:33+00:00,"On the other hand, Sharmaji Namkeen trailer made fans emotional as fans remembered Rishi Kapoor.",,
32,"Chhatisgarh CM Criticises The Kashmir Files, Sharmaji Namkeen Trailer Releases And More From Ent",2022-03-17T13:15:33+00:00,"Here's all that, and more from the world of entertainment today.",,today
33,Dalit Man Forced To Rub Nose In Temple For Criticising 'The Kashmir Files'; 7 People Arrested,2022-03-24T07:30:32+00:00,Here's what happened.,,
34,"Kangana Slams Bollywood For Snubbing 'The Kashmir Files', Madhuri-Karisma's Pic Goes Viral And More From Ent",2022-03-13T12:50:31+00:00,"Kangana Ranaut, who has always been vocal about box office collections and movie releases, took to Kangana Ranaut, who has always been vocal about box office collections and movie releases's Instagram account to slam Bollywood for Bollywood's prolonged silence.",,
35,Security Forces Claim They Have Shot Down A 'Journalist-Turned-Terrorist' In Srinagar Encounter,2022-03-30T07:45:32+00:00,"Security forces neutralised two terrorists during an encounter in the Rainawari area of Srinagar on early Wednesday morning.According to the Jammu & Kashmir Police, one of two terrorists, identified as Rayees Ahmad Bhat, was a former journalist who ran an online news portal ‘Valley News Service’ in Anantnag.",Anantnag,
36,"The Kashmir Files movie declared tax-free in Gujarat, Madhya Pradesh",2022-03-13T12:20:34+00:00,"Haryana was the first state to give tax exemption to the movie, with the state government asking cinema theatres and multiplexes to not charge state GST.",Haryana,
37,This Is Not Paris Or Tokyo: It's India's Kashmir Valley During The Magical Spring Season,2022-03-17T11:50:32+00:00,"After the severe cold and record snowfall, the spring season has knocked Kashmir.",,the spring season
37,This Is Not Paris Or Tokyo: It's India's Kashmir Valley During The Magical Spring Season,2022-03-17T11:50:32+00:00,"As spring arrives in Kashmir valley, take a look at some breathtaking pictures seen with the blossom of almond flowers.",,
38,Climbing Towers And Trekking Mountains: A Day In The Life Of Power Lineman In Kashmir,2022-03-27T08:20:39+00:00,"Whenever snowfall or a natural calamity hits Kashmir, the first casualty is the power supply, but there are unseen hands behind who ensure that the power supply gets restored at the earliest and unseen hands behind who ensure that it gets restored at the earliest are Power Development Department (PDD) daily wager linemen who work hard on the ground and forget their comfort for others.",,daily
39,"After 'The Kashmir Files' Release, Delhi Police Steps Up Security In Mixed Population Areas",2022-03-17T11:20:31+00:00,The Delhi Police has asked the DCPs of all districts to make adequate security arrangements in mixed population areas of the city in view of the newly-released Bollywood film “The Kashmir Files” to prevent any law and order situation.,Bollywood,
40,"The Kashmir Files movie download links being shared on WhatsApp may be fraud, warns police",2022-03-17T07:51:05+00:00,"The fraudulent link received on WhatsApp convinces users to click The fraudulent link received on WhatsApp if users want to download The Kashmir Files movie in high quality for free, said the police.",,
41,"Anupam Kher Reacts To Bollywood's Silence On Kashmir Files' Success, Says Salman Khan Called Him",2022-03-27T11:40:31+00:00,He said that Salman Khan called He to congratulate He personally.,,
42,"'Kahaniya Toh Bohot Boli Gayi, Humein Sach Batana Tha', Says The Kashmir Files Writer Saurabh M Pandey",2022-03-18T09:10:30+00:00,"In conversation with TOI, The Kashmir Files' writer Saurabh M Pandey talked about The Kashmir Files' writer Saurabh M Pandey's experience of writing the script and how The Kashmir Files' writer Saurabh M Pandey's 'mind went numb while interviewing victims of the genocide'.",,
43,#BoycottKapilSharmaShow Trends After Vivek Agnihotri Claims Kapil Refused To Invite Him On Show,2022-03-08T09:50:29+00:00,"Taking a dig at Kapil Sharma, Vivek Agnihotri bashed The Kapil Sharma Show for refusing to promote The Kashmir Files on The Kapil Sharma Show.",,
44,Karnataka becomes 4th state to make Anupam Kher’s ‘The Kashmir Files’ tax free ,2022-03-14T05:15:33+00:00,"Prior to Karnataka, the film has been made tax-free in Gujarat, Haryana and Madhya Pradesh.",Madhya Pradesh,
45,"Meet The 'Pizza Man' Of Kashmir, Who Started With An Idea Of Just Putting Chicken On Roti",2022-03-12T10:25:29+00:00,"If you have a dream and passion to do something extraordinary then no one can deter you, believe me.",,
45,"Meet The 'Pizza Man' Of Kashmir, Who Started With An Idea Of Just Putting Chicken On Roti",2022-03-12T10:25:29+00:00,"This is the story of 40-year-old Kashmiri entrepreneur Tariq Ahmad Bhat, the owner of Amgio’s- the valley’s popular and first local brand of pizza.",,40-year - old
46,'Jhund' Producer Questions Criteria For Making 'The Kashmir Files' Tax Free But Not Her Film,2022-03-20T12:35:29+00:00,She questions why She's film was not made tax-free and what is the criteria for making The Kashmir Files tax free in several states of India.,India,
47,Madhya Pradesh Government Issues Notice To IAS Officer Over Tweets On 'The Kashmir Files',2022-03-23T13:05:33+00:00,"He is violating the limits that are set for government officials, He said.",,
48,"IAS Officer Asks The Kashmir Files Makers To Donate Profits To Brahmin Kids, Sparks Controversy",2022-03-21T11:40:33+00:00,"He also urged the makers to make another film on ""killings of a large number of Muslims across several states.""",,
49,"'You Are Muslim, You'll Support Terrorism,' Adil Hussain Trolled Over 'The Kashmir Files' Tweet",2022-03-20T08:20:33+00:00,He said that the film could have been tender.,,
50,"'My Family Escaped Hidden In The Back Of A Truck', Sandeepa Dhar After Watching The Kashmir Files",2022-03-18T04:50:31+00:00,"After watching The Kashmir Files, Sandeepa Dhar, in a long Instagram note, opened up about how Sandeepa Dhar's family had to escape her family's homeland while being 'hidden in the back of a truck'.",,
51,"Aamir Khan Praises 'The Kashmir Files', Says Every Indian Must Watch This Vivek Agnihotri Film",2022-03-21T08:20:30+00:00,The Bollywood star said that every Indian must watch the movie and recall how a person feels when a person goes through such trauma.,,
52,"'Makers Had The Guts To Portray The Truth', The Kashmir Files Gets A Big Nod From PM Modi",2022-03-15T12:25:35+00:00,"PM Narendra Modi, while speaking at the BJP's parliamentary party meeting, said that the makers of The Kashmir Files 'had the guts to portray the truth'.",,
53,"Shilpa Shetty Performs Holika Dahan, The Kashmir Files Writer Talks About The Film And More From Ent",2022-03-18T09:10:30+00:00,Shilpa Shetty performed Holika Dahan and wished Shilpa Shetty's fans on the special occasion.,,
53,"Shilpa Shetty Performs Holika Dahan, The Kashmir Files Writer Talks About The Film And More From Ent",2022-03-18T09:10:30+00:00,"On the other hand, The Kashmir Files writer opened up about writing the script of the film.",,
54,"The Kashmir Files ने पहले हफ्ते में Box Office पर रचा इतिहास, वीकेंड पर बना सकती है नया रिकॉर्ड",2022-03-18T07:21:52+00:00,The Kashmir Files First Week Box Office Collection: विवेक अग्‍न‍िहोत्री की फिल्‍म 'द कश्‍मीर फाइल्‍स' ने पहले हफ्ते में ऐतिहासिक 95.50...,,
55,"Anupam Kher Slams Kapil Sharma, Ranbir Kapoor On Rishi Kapoor's Last Film And More From Ent",2022-03-16T14:25:35+00:00,Anupam Kher took to Twitter and slammed Kapil Sharma for posting a 'half truth' around the controversy regarding The Kashmir Files.,,
55,"Anupam Kher Slams Kapil Sharma, Ranbir Kapoor On Rishi Kapoor's Last Film And More From Ent",2022-03-16T14:25:35+00:00,"On the other hand, Ranbir Kapoor, in an emotional video message, thanked Paresh Rawal for helping them complete Rishi Kapoor's swan-song, Sharmaji Namkeen.",,
56,Siddaramaiah Claims Theatres Are Being Forced To Screen The Kashmir Files Instead Of James,2022-03-23T09:20:29+00:00,"Speaking to the media, Siddaramaiah said that BJP leaders are forcing movie theatres to screen The Kashmir Files instead of James.",,
56,Siddaramaiah Claims Theatres Are Being Forced To Screen The Kashmir Files Instead Of James,2022-03-23T09:20:29+00:00,Siddaramaiah alleged that the producer of James had come up to Siddaramaiah and told Siddaramaiah about the issue,,
57,"'Was Laughing At BJP, Not Kashmiri Pandits', Arvind Kejriwal On His 'The Kashmir Files' Speech",2022-03-28T13:20:31+00:00,Delhi CM Arvind Kejriwal has reacted to criticism.,Delhi,
58,The Kashmir Files Controversies: Why Screenings Are Getting Halted & People Are Being Assaulted,2022-03-12T11:55:28+00:00,Here's what's happening.,,
59,MP Cops To Get Leave To Watch 'The Kashmir Files'; Home Minister Instructs DGP,2022-03-14T11:10:35+00:00,Madhya Pradesh government today announced that policemen in Madhya Pradesh would be granted leave to watch the recently-released film.,Madhya Pradesh,today
60,'The Kashmir Files' Salaries: Here's How Much Money These Actors Reportedly Earned For The Film,2022-03-23T10:15:29+00:00,Vivek Agnihotri charged Rs 1 crore to direct the movie.,,
61,Twitter User Explains How IMDb Ratings Can Be Manipulated After 'The Kashmir Files' Controversy,2022-03-20T10:40:28+00:00,"In a thread, he explains how The Kashmir Files managed to get a ten-on-ten score.",,
62,"The Kashmir Files Gets A Big Nod From PM Modi, Neena Gupta Slams Trolls And More From Ent",2022-03-15T13:05:36+00:00,The Kashmir Files got a big thumbs up from PM Narendra Modi as PM Narendra Modi lauded the makers for 'having the guts to show the truth'.,,
62,"The Kashmir Files Gets A Big Nod From PM Modi, Neena Gupta Slams Trolls And More From Ent",2022-03-15T13:05:36+00:00,"On the other hand, Neena Gupta shared a video slamming trolls who judge people on the basis of what people wear.",,
63,"'Wish You Had Posted The Full Video', Says Anupam Kher After Kapil Sharma's Tweet On The Kashmir Files",2022-03-16T09:15:29+00:00,Kapil thanked Anupam Kher for clarifying 'the false allegations against Kapil' in a tweet.,,
63,"'Wish You Had Posted The Full Video', Says Anupam Kher After Kapil Sharma's Tweet On The Kashmir Files",2022-03-16T09:15:29+00:00,Anupam Kher gave a cryptic reply and told Kapil that Kapil should have shared the whole video and not the half truth.,,
64,Spring Theatre Festival: Hope For Revival Of Theatres In Kashmir,2022-04-01T12:55:33+00:00,"On the occasion of World Theatre Day, Actors’ Creative Theatre (ACT) in collaboration with J&K Academy of Art, Culture and Languages (JKAACL) inaugurated the second edition of ‘Spring Theatre Festival’ at Tagore Hall, Srinagar.",Srinagar,
64,Spring Theatre Festival: Hope For Revival Of Theatres In Kashmir,2022-04-01T12:55:33+00:00,the second edition of ‘Spring Theatre Festival’ will conclude on 2nd April.,,2nd April
65,"At Kashmir's Only Animal Rescue Centre: 1000 Strays, Horses And A Donkey",2022-04-20T13:20:29+00:00,"The centre which is home to at least 150 animals and assisted by scores of volunteers, has been raising awareness of animal rights since The centre which is home to at least 150 animals and assisted by scores of volunteers opened.",,
66,Kashmir Carpet Artisans Get Hope As The Dying Industry Gets GI Tag,2022-04-28T08:50:28+00:00,The 45-year-old Bashir Ahmad Dar is busy weaving Kashmiri silk carpet on a wooden loom in Sonawari village in north Kashmir’s Bandipora district with a hope that government provided Geographical Indication (GI) tag will help them to boost them's business and fight counter branding.,Sonawari,45-year - old
67,"Malaika Arora Discharged From Hosiptal, Karan Johar Praises The Kashmir Files And More From Ent",2022-04-03T14:45:30+00:00,Here is all that rocked the world of entertainment today.,,today
68,Former Civil Service Topper Shah Faesal Who Quit IAS Over Kashmir Reinstated,2022-04-29T06:15:28+00:00,"Faesal resigned as a civil servant in January 2019 to ""protest against the unabated killings in Kashmir"" following the revocation of Article 370.",,January 2019
69,Special Spiritual Time For Kashmir As Local Boy Develops Valley’s First Offline Ramadan App,2022-04-18T11:35:31+00:00,"Bringing the much needed relief in the lives of Kashmiri Muslims that too in the holy month of Ramadan, a Srinagar based software engineer has developed valley’s first online and offline the holy month of Ramadan app.",Srinagar,the holy month of Ramadan
70,"From Will Smith's Slap To Kashmir Files Wave, Here's What Twinkle Khanna's New Blog Is About",2022-04-03T13:40:32+00:00,"Coffee in hand, I sit in the balcony trying to analyse the cognitive dissonance that led to the moment when Will Smith, in the pursuit of Will Smith's wife’s happiness, clambered onto the stage and slapped Chris Rock for joking about Jada’s appearance.",,
71,"'May God Give Justice To All', Says Vivek Agnihotri As Terrorist Bitta Karate's Trial Begins",2022-04-01T11:05:30+00:00,The Kashmir Files director Vivek Agnihotri came out in support of Satish Tickoo's family and hoped that Satish Tickoo's family get justice in the case against terrorist Bitta Karate.,,
72,"After The Kashmir Files' Sucess, Vivek Agnihotri Announces His Next Movie 'The Delhi Files'",2022-04-17T07:50:29+00:00,Here is how fans reacted to this.,,
73,"""That's My India"": Picture Of Indian Army Officers Offering Namaz In Kashmir Wins Hearts",2022-04-26T07:25:33+00:00,"In the picture, Lt Gen DP Pandey, Corps Commander 15 Corps, can be seen praying along with a Sikh officer, other senior officers and troops during the holy month of Ramzan.",,
74,"'It's Not A Joke', Twinkle Khanna Leaves Twitter Fuming After Taking A Jibe At The Kashmir Files",2022-04-07T10:45:31+00:00,Twinkle Khanna aka Mrs Funny Bones took a jibe at The Kashmir Files in Twinkle Khanna aka Mrs Funny Bones's recent writeup.,,
74,"'It's Not A Joke', Twinkle Khanna Leaves Twitter Fuming After Taking A Jibe At The Kashmir Files",2022-04-07T10:45:31+00:00,Twitter users are calling Twinkle Khanna aka Mrs Funny Bones insensitive.,,
75,"After The Kashmir Files, Vivek Agnihotri And Pallavi Joshi To Work On Two More Films Together",2022-04-11T12:20:31+00:00,They would work on two more films based on unreported stories from Indian history.,,
76,"Don't Go To Pakistan For Higher Studies, Degrees Are Not Recognised: What UGC, AICTE Said",2022-04-23T06:40:27+00:00,"Earlier, the UGC had issued an advisory in 2019 against studying in institutes in Pakistan-occupied Kashmir.",Pakistan,2019
77,"Delhi to Srinagar road travel to take just 8 hrs soon, says Nitin Gadkari",2022-04-06T03:20:35+00:00,"Union Minister for Road, Transport and Highways Nitin Gadkari said that the government was taking up many important infrastructure projects in Jammu and Kashmir that will improve connectivity in Jammu and Kashmir.",Jammu,
78,"Karan Johar Praises 'The Kashmir Files', Says 'It's No Longer A Film, It's A Movement'",2022-04-03T10:20:32+00:00,Here's what he said.,,
79,'The Kashmir Files' Director Vivek Agnihotri Shares Why India Needs A 'Genocide Museum',2022-04-26T20:00:32+00:00,"Apart from giving a tour of the Holocaust museum in DC, he also explained that India also needs one since several unheard and untold stories need a platform to be conveyed across the globe.",India,
80,Confident Young Girl Has The Best Things To Say About Her Trip To Kashmir & People Are All Praises,2022-04-17T12:45:41+00:00,"A little girl's detailed review about Kashmir, A little girl's's confidence and innocence is winning several hearts on the internet..",,
81,Akshay Kumar&#039;s Bachchhan Paandey to premier on Amazon Prime on this date,2022-04-13T08:15:34+00:00,"Although a potential blockbuster, the film did not have a successful run at the box office as the film's business was massively hindered by the unexpected success of The Kashmir Files.",,
82,Pakistan objects to PM Modi&#039;s Kashmir visit,2022-04-25T07:55:31+00:00,"The Foreign Office here termed Prime Minister Modi's visit to the Valley as ""yet another ploy to project fake normalcy"" in the Valley.",,
83,"The Kashmir Files Is A Roaring Success, Becomes 1st Hindi Film To Cross Rs 250 Cr Post Pandemic",2022-04-12T08:05:32+00:00,The film is shattering box office record one after the other.,,
84,'Restriction Only On Niqab': Army Clarifies After Circular Banning Hijab In Baramulla School,2022-04-28T06:25:28+00:00,The circular had turned into a major controversy in Jammu and Kashmir.,Jammu,
85,Meals On Wheels: This MBA Is Establishing A Street Food Culture In Kashmir Valley,2022-04-10T06:45:31+00:00,"In Kashmir, street food culture has got a boost after the opening of ‘Chew N Brew - Eat On The Go’- a mobile food van in Srinagar city.",Srinagar city,
85,Meals On Wheels: This MBA Is Establishing A Street Food Culture In Kashmir Valley,2022-04-10T06:45:31+00:00,‘Chew N Brew - Eat On The Go’- a mobile food van is first of ‘Chew N Brew - Eat On The Go’- a mobile food van's kind in the valley.,,
86,They will keep troubling us till elections: Farooq Abdullah on ED summons,2022-05-31T09:01:02+00:00,He appeared before the ED in the ED's Srinagar office in connection with Jammu and Kashmir Cricket Association scam,Jammu,
87,Four militants shot dead in twin anti-militancy operations in Kashmir,2022-05-27T02:46:30+00:00,"A total of 10 terrorists, from JeM and LeT were killed in three days in Kashmir valley, says IGP",,three days
88,"Setting A World Record, Kashmir Files Releases On OTT With Indian Sign Language Interpretation",2022-05-13T07:40:30+00:00,"The Kashmir Files, which premiered at the box office with a record-breaking run, is now set to premiere on ZEE5 on 13th May in Hindi, Tamil, Telugu, Kannada, and Indian Sign Language.",,13th May
88,"Setting A World Record, Kashmir Files Releases On OTT With Indian Sign Language Interpretation",2022-05-13T07:40:30+00:00,"To commemorate premiere, ZEE5 hosted a special screening of The Kashmir Files, which premiered at the box office with a record-breaking run in Indian Sign Language, which drew 500 people with hearing impairment.",,
88,"Setting A World Record, Kashmir Files Releases On OTT With Indian Sign Language Interpretation",2022-05-13T07:40:30+00:00,"Director Vivek Agnihotri, Director Vivek Agnihotri's wife, actor Pallavi Joshi, and actor Darshan Kumaar attended a special screening of 'The Kashmir Files' in Indian Sign Language, which drew 500 people with hearing impairment.",,
89,How Kashmir Artists Are Preserving The Pahari Language Through Music,2022-05-15T07:15:28+00:00,Pahari people of Kashmir have almost forgotten Pahari people of Kashmir's language and in fact many even don’t know how to speak.,,
89,How Kashmir Artists Are Preserving The Pahari Language Through Music,2022-05-15T07:15:28+00:00,Pahari people across the valley have shifted to cities for jobs and studies that is being considered one of the primary reasons for the dying of their language.,,
89,How Kashmir Artists Are Preserving The Pahari Language Through Music,2022-05-15T07:15:28+00:00,Experts believe that their language needs to be taught in schools and Paharis shall avail all the reservation benefits too.,,
90,"J&amp;K delimitation panel makes final report public, reserves two seats for Pandits",2022-05-05T11:51:24+00:00,43 seats for Jammu division and 47 for Kashmir division demarcated; nine seats reserved for STs for the first time,Jammu,
91,Pakistan condemns conviction of Yasin Malik,2022-05-20T07:41:40+00:00,"Yasin Malik, a Hurriyat leader and chief of the banned Jammu and Kashmir Liberation Front, was convicted on May 19 by Delhi High Court, in a terror funding case dating back to 2017",,2017
92,Several feared dead as taxi-van skids off high-altitude pass in Kashmir,2022-05-26T03:07:31+00:00,The incident happened at Zojila Pass off the Srinagar-Leh National Highway,,
93,"From Music To Poetry Sessions: With Peace, First Cultural Festival Held Near LoC In Kashmir",2022-05-28T11:20:28+00:00,"In a first, the remote Uri area of J&K witnessed a three day cultural festival near Line of Control (LoC), bringing the hope for peace and tourism on the borders.",,
94,Two terrorists killed in encounter in J-K’s Kulgam,2022-05-08T10:01:23+00:00,"Haider has been active in north Kashmir for more than two years and is involved in several terror crimes, the IGP Kashmir said",,
95,Shashi Tharoor-Vivek Agnihotri Fight Over 'The Kashmir Files' Ban In Singapore; Here's What Happened,2022-05-10T19:30:34+00:00,The debate began after the former union minister posted that the ‘Kashmir Files’ film had been banned in Singapore for being “provocative” and “one-sided.”,Singapore,
96,Pak&#039;s relationship with India &#039;particularly complicated&#039; by New Delhi&#039;s decisions on Kashmir: Bilawal,2022-05-20T04:30:32+00:00,"Foreign Minister Bilawal, who is on a maiden visit to the US, made the remarks while responding to questions during a press conference here on Thursday.",US,Thursday
97,The Kashmir Files Press Event Cancelled Over 'Islamophobia'; Vivek Agnihotri Blames Hate Campaign,2022-05-06T11:30:31+00:00,"The aim behind the campaign was to debunk myths, accusations and impact of The Kashmir Files.",,
98,Focus On Decentralized Water Management In Kashmir: ‘Waterman Of India’ Rajendra Singh,2022-05-23T12:29:15+00:00,"‘Waterman of India’ Dr Rajendra Singh who was on a few days of visit to remote area Uri in Kashmir spoke to Indiatimes in an exclusive chat about a few days of visit to remote area Uri in Kashmir, need to conserve water, climatic change and much more.",India,
99,Pakistani drone with payload shot down in Jammu and Kashmir&#039;s Kathua,2022-05-29T06:06:47+00:00,A search party of police picked up the movement of a drone from the border in Talli Hariya Chak area,,
100,School Teacher Shot Dead By Terrorists In Jammu And Kashmir's Kulgam: What We Know,2022-05-31T10:30:28+00:00,"In yet another targeted killing of minorities in the Kashmir, a Hindu school teacher was fired at by terrorists in the Kulgam district of the Kashmir.a Hindu school teacher, sustained injuries when terrorists fired at a Hindu school teacher in the Gopalpora area of the Kulgam district of the Kashmir region where a Hindu school teacher was posted as a teacher.",,
101,Two LeT Terrorists Involved In Killing Of Female Kashmir TV Artist Amreen Bhat Gunned Down,2022-05-27T07:35:30+00:00,Kashmiri TV actress Amreen Bhat was killed by the terrorists in Budgam's Chadoora on Wednesday.,Chadoora,Wednesday
102,Power Outage: People Demand Restoration Of This 100-Year-Old Power Project In Kashmir,2022-05-01T07:50:28+00:00,"With the entire India currently undergoing the worst electricity shortage including Kashmir, the demand for the restoration of a 100-year-old defunct power project in the valley has gone shriller.",India,100-year - old
103,Explainer: Why Kashmir Is Witnessing A Huge Influx Of Tourists This Summer,2022-05-31T12:15:27+00:00,"After three years of slump, Kashmir is witnessing the massive influx of tourists this summer bringing joy on the faces of stakeholders.",,this summer
104,"Chintan Shivir | Cong will launch ‘Bharat Jodo Yatra’ from Kanyakumari to Kashmir from Oct. 2, says Sonia",2022-05-15T12:11:04+00:00,Congress president Sonia Gandhi said Congress will launch a ‘Bharat Jodo Yatra’ from Kanyakumari to Kashmir on October 2,Kashmir,October 2
105,"Agriculture production dept restructured for welfare of farmers in J&amp;K, says official",2022-05-08T03:30:33+00:00,"The Jammu and Kashmir administration restructured the agriculture production department with the aim of doubling income of farmers, orchardists and people dependent on animal, sheep husbandry and fisheries for farmers, orchardists and people dependent on animal, sheep husbandry and fisheries for their livelihood's livelihood.",Jammu and Kashmir,
106,Death toll reaches nine in tunnel collapse at Jammu and Kashmir’s Ramban,2022-05-21T17:14:08+00:00,Three persons have been rescued from the accident so far,,
107,"Vijay Deverakonda, Samantha’s romantic comedy titled ‘Kushi’ ",2022-05-16T08:51:12+00:00,"The film directed by Shiva Nirvana, being filmed in Kashmir, will release in Telugu, Tamil, Malayalam and Kannada",,
108,"Meet Shah Huzaib, A Kashmiri Youth Who Made Headlines World Over For His Football Trick-Shots",2022-05-25T13:05:30+00:00,The beautiful valley of Kashmir frequently witnesses violence and it is well known that the inhabitants struggle for survival on daily basis.,,
108,"Meet Shah Huzaib, A Kashmiri Youth Who Made Headlines World Over For His Football Trick-Shots",2022-05-25T13:05:30+00:00,The media representation of Kashmiri youths is sometimes seemed unfair and is often depicted with a stereotypical narrative.,,
109,Amit Shah reviews Jammu and Kashmir situation at high-level meeting,2022-05-17T09:06:11+00:00,The high-level meeting also took stock of the preparedness for the upcoming Amarnath Yatra,,
110,The Good News from Kashmir Valley to premiere at Tongues on Fire film festival in U.K.,2022-05-13T18:41:43+00:00,"The movie, a collaboration between a Kashmiri Muslim and a Pandit, tells the tale of a warm and common past shared by the communities and also the communities's sufferings.",,
111,"'You're Failing Your Secular Credentials', Vivek Agnihotri On Wikipedia Calling Kashmir Files 'Fictional'",2022-05-04T12:10:29+00:00,"When Wikipedia referred to The Kashmir Files as a 'fictional’ story', Vivek Agnihotri lost Vivek Agnihotri's cool and called it out on Twitter.",,
112,Singapore to ban &#039;The Kashmir Files&#039;; says movie &quot;beyond&quot; classified guidelines,2022-05-09T12:05:32+00:00,"Under the film classification guidelines, “any material that is denigrating to racial or religious communities in Singapore” will be refused classification, the authorities added.",Singapore,
113,J&amp;K to have 90 constituencies as delimitation panel orders come into effect,2022-05-20T15:45:35+00:00,"According to the orders of the commission, set up under the Jammu and Kashmir Reorganisation Act of 2019, the Union territory will have 90 assembly constituencies.",,2019
114,Pakistan 'Example' Of How State Evades Accountability For Genocide: What India Said At UN,2022-06-03T09:35:28+00:00,India's strong response came after Pakistan once again raked up the issue of Kashmir at the UN Security Council.,,
115,Four Hizb militants killed in last 24 hours in south Kashmir: Police,2022-06-17T02:37:06+00:00,"One slain militant was involved in the killing of Rajni Balla, a teacher from Samba",Samba,
116,Security forces engage with militants in south Kashmir’s Anantnag and Kulgam ,2022-06-16T13:06:19+00:00,One unidentified militant killed in Kulgam’s Mishipora; IED weighing 15 kg recovered in Pulwama,Pulwama,
117,Congress leaders slam Modi government over targeted killings in Jammu and Kashmir,2022-06-02T17:16:20+00:00,Rahul Gandhi urges PM to take immediate steps to restore peace,,
118,Vivek Agnihotri Reacts After Naseeruddin Shah Called The Kashmir Files A 'Fictionalised' Story,2022-06-09T13:20:29+00:00,Here's how the director Vivek Agnihotri has responded.,,
119,Sustainable Development: Kashmir Gets Its First Eco Village That Is Reviving Old Culture,2022-06-12T09:35:29+00:00,"Unlike any palatial hotel stay, for any guests desiring calm and cosy stay in a natural setting, Kashmir’s Sagg’s mud made spacious cottages make you feel very different.",,
119,Sustainable Development: Kashmir Gets Its First Eco Village That Is Reviving Old Culture,2022-06-12T09:35:29+00:00,"Set up in the mountains of central Kashmir’s Ganderbal district and on the foothills of River Sindh, Kashmir’s Sagg’s is the valley’s first and only ecologically sustainable village.",Sagg,
120,Complaint Filed Against Sai Pallavi For Comparing Kashmir Genocide To Lynching Of Cow Smugglers,2022-06-16T19:40:29+00:00,"When asked about her political views, her stated that her grew up in a neutral family and was raised to be a 'good human being.'",,
121,Kashmir Sikh Body To Donate Rs 10 Lakh For Repair Of Gurdwara Damaged In Kabul Attack,2022-06-21T12:20:32+00:00,"A Sikh body in Jammu and Kashmir on Tuesday announced A Sikh body in Jammu and Kashmir will donate Rs 10 lakh for the repair of a gurdwara damaged in a terror attack in Kabul over the weekend, News 18 reported.",Kabul,the weekend
121,Kashmir Sikh Body To Donate Rs 10 Lakh For Repair Of Gurdwara Damaged In Kabul Attack,2022-06-21T12:20:32+00:00,"United Kashmiri Sikhs Progressive Forum (UKSPF) Chairman Baldev Singh Raina said, “A Sikh body in Jammu and Kashmir will give Rs 10 lakh for the repair of a gurdwara damaged in a terror attack in Kabul over the weekend a gurdwara damaged in a terror attack in Kabul over the weekend and A Sikh body in Jammu and Kashmir will raise more funds.",Kabul,
121,Kashmir Sikh Body To Donate Rs 10 Lakh For Repair Of Gurdwara Damaged In Kabul Attack,2022-06-21T12:20:32+00:00,In these difficult times A Sikh body in Jammu and Kashmir want to assure that every Sikh of India is with Afghan Sikhs and Sikh Community will rebuild the whole Afghanistan and always support the government”.,,
122,Terror suspect arrested in Bengaluru,2022-06-07T08:07:51+00:00,The suspect is wanted in connection with the targeted killing of Hindus in the Union Territory of Jammu and Kashmir.,the Union Territory of Jammu and Kashmir,
122,Terror suspect arrested in Bengaluru,2022-06-07T08:07:51+00:00,The suspect was living in Bengaluru with The suspect's family and working as a labourer.,Bengaluru,
122,Terror suspect arrested in Bengaluru,2022-06-07T08:07:51+00:00,The suspect had an Aadhaar card when The suspect was arrested,,
123,4 militants killed in twin operations in Kashmir,2022-06-19T13:31:12+00:00,Security forces have stepped up anti-militancy operations ahead of Amarnath yatra,,
124,Targeted killings are acts of desperation: J&amp;K Lieutenant Governor,2022-06-11T17:36:10+00:00,"Terrorism on its last leg in Kashmir Valley, says Manoj Sinha",,
125,"Shiv Sena, NCP slam Centre over Kashmir killings",2022-06-05T10:38:15+00:00," BJP leaders are busy promoting films instead of heeding to the plight of Kashmiri Pandits, says Sanjay Raut.",,
127,Brick Kiln Worker From Bihar Becomes Latest Victim Of Targeted Killings Of Hindus In Kashmir,2022-06-03T06:05:29+00:00,"The attack came hours after Vijay Kumar, a bank manager from Rajasthan, was shot dead in Kulgam.",Kulgam,
128,BJP incompetent to handle Kashmir: Kejriwal,2022-06-05T18:11:35+00:00,It should cancel bonds signed by Kashmiri Pandits under PM Relief Plan: Kejriwal,,
129,Kashmiri Pandits flee Kashmir Valley,2022-06-04T03:21:31+00:00,‘Back-to-back killings have shattered our faith in the security system’,,
130,How 'Land Of Saints’ Kashmir Is Reconnecting With The Centuries Old Values Of Sufism,2022-06-18T05:25:28+00:00,Kashmir has a deep-rooted connection with Sufism and Kashmir is called the ‘Land of Saints’.,,
130,How 'Land Of Saints’ Kashmir Is Reconnecting With The Centuries Old Values Of Sufism,2022-06-18T05:25:28+00:00,"To highlight and propagate the teachings of Sufis and Rishis in Kashmir, a three-day Sufi festival was organised in the valley which is being seen as the first of a three-day Sufi festival's kind, beginning from 10th June.",,
131,Hindu Bank Employee Shot Dead By Militants As Hundreds Of Terrified Families Flee Kashmir,2022-06-02T07:55:29+00:00,More than 100 Hindu families have fled Kashmir as panic spread after the killing of a Hindu school teacher in India's only Muslim-majority region.,India,
132,"‘Taken Out Of Context’, Sai Pallavi Clears The Air About Kashmir Genocide And Lynching Remarks",2022-06-19T07:45:28+00:00,She took to She's Instagram handle to issue a clarification,,
133,Kashmiri Pandits living on the edge,2022-06-11T02:21:12+00:00,A spate of targeted killings of Hindus in Kashmir threatens to reverse years of efforts to rehabilitate Kashmiri Pandits to the Valley.,,years
133,Kashmiri Pandits living on the edge,2022-06-11T02:21:12+00:00,"Peerzada Ashiq reports on the fear in the community, which is once again faced with the dilemma of whether to stay or leave in the face of violence",,
134,4 militants killed in 3 anti-militancy operations in Kashmir,2022-06-07T17:58:44+00:00,Sticky IEDs dropped by drones from across the border seized and defused,,
135,"Protests in several places over Prophet remarks; curfew, shutdown in parts of J&amp;K",2022-06-10T13:06:56+00:00,"Internet suspended in Bhaderwah, parts of Kashmir",Bhaderwah,
